Sub-subregion,Mutations,Positional Weight
"[1, 30, 15, 44]","[(29, 6.0)]",1.1397915972915973
"[2, 30, 45, 74]","[(48, 3.0), (50, 2.5), (65, 1.8)]",1.270768474328526
"[3, 30, 75, 104]","[(79, 0.2), (98, 0.8)]",0.17742009554660648
"[4, 30, 105, 134]",[],0.0
"[5, 30, 135, 164]",[],0.0
"[6, 30, 165, 194]",[],0.0
"[7, 30, 195, 224]",[],0.0
"[8, 30, 225, 254]",[],0.0
"[9, 30, 255, 284]",[],0.0
"[10, 30, 285, 314]",[],0.0
"[11, 30, 315, 344]",[],0.0
"[12, 30, 345, 374]",[],0.0
"[13, 30, 375, 404]",[],0.0
"[14, 30, 405, 434]",[],0.0
"[15, 30, 435, 464]",[],0.0
"[16, 30, 465, 494]","[(481, 3.0)]",0.5691114849203085
"[17, 30, 495, 524]","[(500, 2.5), (510, 1.8)]",0.7807673273336048
"[18, 30, 525, 554]",[],0.0
"[19, 30, 555, 584]",[],0.0
"[20, 30, 585, 614]",[],0.0
"[21, 30, 615, 644]",[],0.0
"[22, 30, 645, 674]",[],0.0
"[23, 30, 675, 704]",[],0.0
"[24, 30, 705, 734]",[],0.0
"[25, 30, 735, 764]",[],0.0
"[26, 30, 765, 794]",[],0.0
"[27, 30, 795, 824]",[],0.0
"[28, 30, 825, 854]",[],0.0
"[29, 30, 855, 884]",[],0.0
"[30, 30, 885, 914]",[],0.0
"[31, 30, 915, 944]",[],0.0
"[32, 30, 945, 974]",[],0.0
"[33, 30, 975, 1004]",[],0.0
"[34, 30, 1005, 1034]",[],0.0
"[35, 30, 1035, 1064]",[],0.0
"[36, 30, 1065, 1094]",[],0.0
"[37, 30, 1095, 1124]",[],0.0
"[38, 30, 1125, 1154]",[],0.0
"[39, 30, 1155, 1184]",[],0.0
"[40, 30, 1185, 1214]",[],0.0
"[41, 30, 1215, 1244]",[],0.0
"[42, 30, 1245, 1274]",[],0.0
"[43, 30, 1275, 1304]",[],0.0
"[44, 30, 1305, 1334]",[],0.0
"[45, 30, 1335, 1364]",[],0.0
"[46, 30, 1365, 1394]",[],0.0
"[47, 30, 1395, 1424]",[],0.0
"[48, 30, 1425, 1454]",[],0.0
"[49, 30, 1455, 1484]",[],0.0
"[50, 30, 1485, 1514]","[(1501, 1.7), (1510, 2.0)]",0.6650133780914002
"[51, 30, 1515, 1544]",[],0.0
"[52, 30, 1545, 1574]",[],0.0
"[53, 30, 1575, 1604]",[],0.0
"[54, 30, 1605, 1634]",[],0.0
"[55, 30, 1635, 1664]",[],0.0
"[56, 30, 1665, 1694]",[],0.0
"[57, 30, 1695, 1724]","[(1700, 2.3)]",0.4037234602944355
"[58, 30, 1725, 1754]",[],0.0
"[59, 30, 1755, 1784]",[],0.0
"[60, 30, 1785, 1814]",[],0.0
"[61, 30, 1815, 1844]",[],0.0
"[62, 30, 1845, 1874]",[],0.0
"[63, 30, 1875, 1904]",[],0.0
"[64, 30, 1905, 1934]",[],0.0
"[65, 30, 1935, 1964]",[],0.0
"[66, 30, 1965, 1994]",[],0.0
"[67, 30, 1995, 2024]",[],0.0
"[68, 30, 2025, 2054]",[],0.0
"[69, 30, 2055, 2084]",[],0.0
"[70, 30, 2085, 2114]",[],0.0
"[71, 30, 2115, 2144]",[],0.0
"[72, 30, 2145, 2174]",[],0.0
"[73, 30, 2175, 2204]",[],0.0
"[74, 30, 2205, 2234]",[],0.0
"[75, 30, 2235, 2264]",[],0.0
"[76, 30, 2265, 2294]",[],0.0
"[77, 30, 2295, 2324]",[],0.0
"[78, 30, 2325, 2354]",[],0.0
"[79, 30, 2355, 2384]",[],0.0
"[80, 30, 2385, 2414]",[],0.0
"[81, 30, 2415, 2444]",[],0.0
"[82, 30, 2445, 2474]",[],0.0
"[83, 30, 2475, 2504]",[],0.0
"[84, 30, 2505, 2534]",[],0.0
"[85, 30, 2535, 2564]",[],0.0
"[86, 30, 2565, 2594]",[],0.0
"[87, 30, 2595, 2624]",[],0.0
"[88, 30, 2625, 2654]",[],0.0
"[89, 30, 2655, 2684]",[],0.0
"[90, 30, 2685, 2714]",[],0.0
"[91, 30, 2715, 2744]",[],0.0
"[92, 30, 2745, 2774]",[],0.0
"[93, 30, 2775, 2804]",[],0.0
"[94, 30, 2805, 2834]",[],0.0
"[95, 30, 2835, 2864]",[],0.0
"[96, 30, 2865, 2894]",[],0.0
"[97, 30, 2895, 2924]",[],0.0
"[98, 30, 2925, 2954]",[],0.0
"[99, 30, 2955, 2984]",[],0.0
"[100, 30, 2985, 3014]",[],0.0
"[101, 30, 3015, 3044]",[],0.0
"[102, 30, 3045, 3074]",[],0.0
"[103, 30, 3075, 3104]",[],0.0
"[104, 30, 3105, 3134]",[],0.0
"[105, 30, 3135, 3164]",[],0.0
"[106, 30, 3165, 3194]",[],0.0
"[107, 30, 3195, 3224]","[(3200, 1.8)]",0.3159574906652104
"[108, 30, 3225, 3254]",[],0.0
"[109, 30, 3255, 3284]",[],0.0
"[110, 30, 3285, 3314]",[],0.0
"[111, 30, 3315, 3344]",[],0.0
"[112, 30, 3345, 3374]",[],0.0
"[113, 30, 3375, 3404]",[],0.0
"[114, 30, 3405, 3434]",[],0.0
"[115, 30, 3435, 3464]",[],0.0
"[116, 30, 3465, 3494]",[],0.0
"[117, 30, 3495, 3524]",[],0.0
"[118, 30, 3525, 3554]",[],0.0
"[119, 30, 3555, 3584]",[],0.0
"[120, 30, 3585, 3614]",[],0.0
"[121, 30, 3615, 3644]",[],0.0
"[122, 30, 3645, 3674]",[],0.0
"[123, 30, 3675, 3704]",[],0.0
"[124, 30, 3705, 3734]",[],0.0
"[125, 30, 3735, 3764]",[],0.0
"[126, 30, 3765, 3794]",[],0.0
"[127, 30, 3795, 3824]",[],0.0
"[128, 30, 3825, 3854]",[],0.0
"[129, 30, 3855, 3884]",[],0.0
"[130, 30, 3885, 3914]",[],0.0
"[131, 30, 3915, 3944]",[],0.0
"[132, 30, 3945, 3974]",[],0.0
"[133, 30, 3975, 4004]",[],0.0
"[134, 30, 4005, 4034]",[],0.0
"[135, 30, 4035, 4064]",[],0.0
"[136, 30, 4065, 4094]",[],0.0
"[137, 30, 4095, 4124]",[],0.0
"[138, 30, 4125, 4154]",[],0.0
"[139, 30, 4155, 4184]",[],0.0
"[140, 30, 4185, 4214]",[],0.0
"[141, 30, 4215, 4244]",[],0.0
"[142, 30, 4245, 4274]",[],0.0
"[143, 30, 4275, 4304]",[],0.0
"[144, 30, 4305, 4334]",[],0.0
"[145, 30, 4335, 4364]",[],0.0
"[146, 30, 4365, 4394]",[],0.0
"[147, 30, 4395, 4424]",[],0.0
"[148, 30, 4425, 4454]",[],0.0
"[149, 30, 4455, 4484]",[],0.0
"[150, 30, 4485, 4514]",[],0.0
"[151, 30, 4515, 4544]",[],0.0
"[152, 30, 4545, 4574]",[],0.0
"[153, 30, 4575, 4604]",[],0.0
"[154, 30, 4605, 4634]",[],0.0
"[155, 30, 4635, 4664]",[],0.0
"[156, 30, 4665, 4694]",[],0.0
"[157, 30, 4695, 4724]",[],0.0
"[158, 30, 4725, 4754]",[],0.0
"[159, 30, 4755, 4784]",[],0.0
"[160, 30, 4785, 4814]",[],0.0
"[161, 30, 4815, 4844]",[],0.0
"[162, 30, 4845, 4874]",[],0.0
"[163, 30, 4875, 4904]",[],0.0
"[164, 30, 4905, 4934]",[],0.0
"[165, 30, 4935, 4964]",[],0.0
"[166, 30, 4965, 4994]",[],0.0
"[167, 30, 4995, 5024]",[],0.0
"[168, 30, 5025, 5054]",[],0.0
"[169, 30, 5055, 5084]",[],0.0
"[170, 30, 5085, 5114]",[],0.0
"[171, 30, 5115, 5144]",[],0.0
"[172, 30, 5145, 5174]",[],0.0
"[173, 30, 5175, 5204]",[],0.0
"[174, 30, 5205, 5234]",[],0.0
"[175, 30, 5235, 5264]",[],0.0
"[176, 30, 5265, 5294]",[],0.0
"[177, 30, 5295, 5324]",[],0.0
"[178, 30, 5325, 5354]",[],0.0
"[179, 30, 5355, 5384]",[],0.0
"[180, 30, 5385, 5414]",[],0.0
"[181, 30, 5415, 5444]",[],0.0
"[182, 30, 5445, 5474]",[],0.0
"[183, 30, 5475, 5504]",[],0.0
"[184, 30, 5505, 5534]",[],0.0
"[185, 30, 5535, 5564]",[],0.0
"[186, 30, 5565, 5594]",[],0.0
"[187, 30, 5595, 5624]",[],0.0
"[188, 30, 5625, 5654]",[],0.0
"[189, 30, 5655, 5684]",[],0.0
"[190, 30, 5685, 5714]",[],0.0
"[191, 30, 5715, 5744]",[],0.0
"[192, 30, 5745, 5774]",[],0.0
"[193, 30, 5775, 5804]",[],0.0
"[194, 30, 5805, 5834]",[],0.0
"[195, 30, 5835, 5864]",[],0.0
"[196, 30, 5865, 5894]",[],0.0
"[197, 30, 5895, 5924]",[],0.0
"[198, 30, 5925, 5954]",[],0.0
"[199, 30, 5955, 5984]",[],0.0
"[200, 30, 5985, 6014]",[],0.0
"[201, 30, 6015, 6044]",[],0.0
"[202, 30, 6045, 6074]",[],0.0
"[203, 30, 6075, 6104]",[],0.0
"[204, 30, 6105, 6134]",[],0.0
"[205, 30, 6135, 6164]",[],0.0
"[206, 30, 6165, 6194]",[],0.0
"[207, 30, 6195, 6224]",[],0.0
"[208, 30, 6225, 6254]",[],0.0
"[209, 30, 6255, 6284]",[],0.0
"[210, 30, 6285, 6314]",[],0.0
"[211, 30, 6315, 6344]",[],0.0
"[212, 30, 6345, 6374]",[],0.0
"[213, 30, 6375, 6404]",[],0.0
"[214, 30, 6405, 6434]",[],0.0
"[215, 30, 6435, 6464]",[],0.0
"[216, 30, 6465, 6494]",[],0.0
"[217, 30, 6495, 6524]",[],0.0
"[218, 30, 6525, 6554]",[],0.0
"[219, 30, 6555, 6584]",[],0.0
"[220, 30, 6585, 6614]",[],0.0
"[221, 30, 6615, 6644]",[],0.0
"[222, 30, 6645, 6674]",[],0.0
"[223, 30, 6675, 6704]","[(6700, 3.0)]",0.5137753049548378
"[224, 30, 6705, 6734]",[],0.0
"[225, 30, 6735, 6764]",[],0.0
"[226, 30, 6765, 6794]",[],0.0
"[227, 30, 6795, 6824]",[],0.0
"[228, 30, 6825, 6854]",[],0.0
"[229, 30, 6855, 6884]",[],0.0
"[230, 30, 6885, 6914]",[],0.0
"[231, 30, 6915, 6944]",[],0.0
"[232, 30, 6945, 6974]",[],0.0
"[233, 30, 6975, 7004]",[],0.0
"[234, 30, 7005, 7034]",[],0.0
"[235, 30, 7035, 7064]",[],0.0
"[236, 30, 7065, 7094]",[],0.0
"[237, 30, 7095, 7124]",[],0.0
"[238, 30, 7125, 7154]",[],0.0
"[239, 30, 7155, 7184]",[],0.0
"[240, 30, 7185, 7214]",[],0.0
"[241, 30, 7215, 7244]",[],0.0
"[242, 30, 7245, 7274]",[],0.0
"[243, 30, 7275, 7304]",[],0.0
"[244, 30, 7305, 7334]",[],0.0
"[245, 30, 7335, 7364]",[],0.0
"[246, 30, 7365, 7394]",[],0.0
"[247, 30, 7395, 7424]",[],0.0
"[248, 30, 7425, 7454]",[],0.0
"[249, 30, 7455, 7484]",[],0.0
"[250, 30, 7485, 7514]",[],0.0
"[251, 30, 7515, 7544]",[],0.0
"[252, 30, 7545, 7574]",[],0.0
"[253, 30, 7575, 7604]",[],0.0
"[254, 30, 7605, 7634]",[],0.0
"[255, 30, 7635, 7664]",[],0.0
"[256, 30, 7665, 7694]",[],0.0
"[257, 30, 7695, 7724]",[],0.0
"[258, 30, 7725, 7754]",[],0.0
"[259, 30, 7755, 7784]",[],0.0
"[260, 30, 7785, 7814]",[],0.0
"[261, 30, 7815, 7844]",[],0.0
"[262, 30, 7845, 7874]",[],0.0
"[263, 30, 7875, 7904]",[],0.0
"[264, 30, 7905, 7934]",[],0.0
"[265, 30, 7935, 7964]",[],0.0
"[266, 30, 7965, 7994]",[],0.0
"[267, 30, 7995, 8024]",[],0.0
"[268, 30, 8025, 8054]",[],0.0
"[269, 30, 8055, 8084]",[],0.0
"[270, 30, 8085, 8114]",[],0.0
"[271, 30, 8115, 8144]",[],0.0
"[272, 30, 8145, 8174]",[],0.0
"[273, 30, 8175, 8204]",[],0.0
"[274, 30, 8205, 8234]",[],0.0
"[275, 30, 8235, 8264]",[],0.0
"[276, 30, 8265, 8294]",[],0.0
"[277, 30, 8295, 8324]",[],0.0
"[278, 30, 8325, 8354]",[],0.0
"[279, 30, 8355, 8384]",[],0.0
"[280, 30, 8385, 8414]",[],0.0
"[281, 30, 8415, 8444]",[],0.0
"[282, 30, 8445, 8474]",[],0.0
"[283, 30, 8475, 8504]",[],0.0
"[284, 30, 8505, 8534]",[],0.0
"[285, 30, 8535, 8564]",[],0.0
"[286, 30, 8565, 8594]",[],0.0
"[287, 30, 8595, 8624]",[],0.0
"[288, 30, 8625, 8654]",[],0.0
"[289, 30, 8655, 8684]",[],0.0
"[290, 30, 8685, 8714]",[],0.0
"[291, 30, 8715, 8744]",[],0.0
"[292, 30, 8745, 8774]",[],0.0
"[293, 30, 8775, 8804]",[],0.0
"[294, 30, 8805, 8834]",[],0.0
"[295, 30, 8835, 8864]",[],0.0
"[296, 30, 8865, 8894]",[],0.0
"[297, 30, 8895, 8924]",[],0.0
"[298, 30, 8925, 8954]",[],0.0
"[299, 30, 8955, 8984]",[],0.0
"[300, 30, 8985, 9014]",[],0.0
"[301, 30, 9015, 9044]",[],0.0
"[302, 30, 9045, 9074]",[],0.0
"[303, 30, 9075, 9104]",[],0.0
"[304, 30, 9105, 9134]",[],0.0
"[305, 30, 9135, 9164]",[],0.0
"[306, 30, 9165, 9194]",[],0.0
"[307, 30, 9195, 9224]","[(9200, 2.2)]",0.3861702663685904
"[308, 30, 9225, 9254]",[],0.0
"[309, 30, 9255, 9284]",[],0.0
"[310, 30, 9285, 9314]",[],0.0
"[311, 30, 9315, 9344]",[],0.0
"[312, 30, 9345, 9374]",[],0.0
"[313, 30, 9375, 9404]",[],0.0
"[314, 30, 9405, 9434]",[],0.0
"[315, 30, 9435, 9464]",[],0.0
"[316, 30, 9465, 9494]",[],0.0
"[317, 30, 9495, 9524]",[],0.0
"[318, 30, 9525, 9554]",[],0.0
"[319, 30, 9555, 9584]",[],0.0
"[320, 30, 9585, 9614]",[],0.0
"[321, 30, 9615, 9644]",[],0.0
"[322, 30, 9645, 9674]",[],0.0
"[323, 30, 9675, 9704]",[],0.0
"[324, 30, 9705, 9734]",[],0.0
"[325, 30, 9735, 9764]",[],0.0
"[326, 30, 9765, 9794]",[],0.0
"[327, 30, 9795, 9824]",[],0.0
"[328, 30, 9825, 9854]",[],0.0
"[329, 30, 9855, 9884]",[],0.0
"[330, 30, 9885, 9914]",[],0.0
"[331, 30, 9915, 9944]",[],0.0
"[332, 40, 9945, 9984]",[],0.0
